Recency,Frequency,Monetary,AvgOrderValue,UniqueProducts
983.3622431795217,1.0,2717.8257409902326,2717.8257409902326,1.0
1055.046113374942,1.0,726.7633403827307,726.7633403827307,1.0
